"frame_no","xnose","ynose","xleft_eye_inner","yleft_eye_inner","xleft_eye","yleft_eye","xleft_eye_outer","yleft_eye_outer","xright_eye_inner","yright_eye_inner","xright_eye","yright_eye","xright_eye_outer","yright_eye_outer","xleft_ear","yleft_ear","xright_ear","yright_ear","xmouth_left","ymouth_left","xmouth_right","ymouth_right","xleft_shoulder","yleft_shoulder","xright_shoulder","yright_shoulder","xleft_elbow","yleft_elbow","xright_elbow","yright_elbow","xleft_wrist","yleft_wrist","xright_wrist","yright_wrist","xleft_pinky","yleft_pinky","xright_pinky","yright_pinky","xleft_index","yleft_index","xright_index","yright_index","xleft_thumb","yleft_thumb","xright_thumb","yright_thumb","xleft_hip","yleft_hip","xright_hip","yright_hip","xleft_knee","yleft_knee","xright_knee","yright_knee","xleft_ankle","yleft_ankle","xright_ankle","yright_ankle","xleft_heel","yleft_heel","xright_heel","yright_heel","xleft_foot_index","yleft_foot_index","xright_foot_index","yright_foot_index"
0,336,106,339,102,341,102,343,102,334,102,332,102,331,102,346,104,330,105,340,111,333,111,364,131,319,133,375,163,314,167,365,193,322,197,363,203,321,206,359,201,326,205,359,198,328,201,355,196,331,197,355,251,326,252,354,294,334,291,354,298,338,295,352,309,333,311
1,337,106,340,102,342,102,343,102,335,102,333,102,331,102,347,104,330,105,341,111,334,111,364,131,319,133,375,163,314,166,366,193,322,196,364,202,321,205,360,200,326,203,360,197,328,200,355,196,331,197,355,251,327,253,354,294,337,291,354,298,340,295,352,310,336,311
2,338,107,341,102,343,102,344,102,336,103,334,103,333,103,348,104,332,105,343,111,336,111,364,131,320,133,374,163,314,165,368,193,322,195,365,202,322,204,362,200,326,202,362,197,328,199,355,196,331,197,355,249,329,252,355,294,339,291,354,299,343,295,353,310,337,309
3,339,107,342,102,343,102,345,102,337,103,335,103,334,103,348,104,332,105,343,112,337,111,364,132,320,133,373,164,314,166,368,193,322,195,365,202,322,204,363,200,326,203,363,197,328,199,355,196,330,197,356,248,332,252,355,294,340,292,354,299,344,297,353,310,337,309
4,339,107,342,103,343,102,345,102,337,103,335,103,334,103,348,105,333,106,343,112,337,111,364,133,320,134,372,166,315,166,368,194,322,197,366,202,322,206,363,200,326,205,363,197,327,201,355,197,330,198,356,249,334,252,355,294,341,293,354,299,344,298,353,311,337,309
5,339,107,342,103,344,103,345,103,337,103,335,104,334,104,348,105,333,106,343,112,337,112,364,134,321,135,371,168,315,168,368,195,322,199,366,203,321,209,363,201,325,207,363,198,326,204,355,197,330,198,356,248,334,251,355,294,340,293,354,299,343,299,353,311,337,309
6,339,108,342,103,344,103,345,103,337,104,335,104,334,104,348,105,332,106,343,112,337,112,364,134,321,136,371,168,316,169,368,195,321,200,365,203,321,210,362,201,325,209,362,198,326,204,355,197,330,198,356,249,334,251,355,294,340,293,354,299,343,298,353,311,337,310
7,339,108,342,103,344,103,345,103,337,104,335,104,334,104,348,105,332,106,343,112,337,112,364,134,321,136,371,168,316,169,366,193,322,200,363,201,321,210,359,198,325,208,360,196,326,204,355,197,330,198,354,248,333,250,355,294,340,293,354,299,343,298,353,312,337,310
8,339,108,342,103,344,103,345,103,337,104,335,104,334,104,348,105,332,106,343,112,336,112,364,134,320,136,371,167,315,169,365,191,322,200,362,200,322,209,358,196,326,208,358,194,327,204,355,197,330,198,354,249,333,250,355,294,340,293,354,299,343,298,353,312,337,310
9,339,108,342,103,343,103,345,103,337,104,335,104,334,104,348,105,332,106,343,112,336,112,364,134,320,136,371,165,315,169,365,190,322,199,362,198,323,208,358,195,327,206,358,192,328,203,355,197,331,198,353,249,333,250,355,294,340,293,354,300,343,298,353,312,337,310
10,339,108,342,103,344,103,345,103,337,104,335,104,334,104,348,105,332,106,343,112,337,112,364,133,320,136,371,165,314,168,364,190,324,199,361,199,324,208,358,196,329,206,358,193,329,202,356,197,331,198,353,249,333,250,354,295,340,293,354,300,343,299,353,312,337,310
11,339,108,342,103,344,103,345,103,337,104,335,104,334,104,348,105,332,106,343,112,337,112,364,133,320,136,371,164,314,168,364,190,324,199,362,199,325,208,358,196,329,206,358,193,330,202,356,197,331,198,353,249,333,250,354,295,340,293,353,300,343,299,353,312,337,310
12,339,108,342,103,344,103,345,103,337,104,335,104,334,104,348,105,332,106,343,112,337,112,364,133,320,136,370,164,315,169,364,190,324,199,362,199,325,208,358,196,329,206,358,193,330,203,356,197,331,198,352,249,333,250,353,295,339,294,353,301,342,299,352,312,337,310
13,340,108,342,103,344,103,345,103,337,104,336,104,334,104,348,105,332,106,344,113,337,112,364,133,320,136,369,164,317,170,365,190,325,200,363,199,325,209,359,197,329,207,359,194,330,204,356,197,331,198,352,249,333,251,353,296,339,294,352,301,342,300,352,312,337,310
14,341,109,343,104,344,104,346,104,338,105,336,105,335,105,349,106,333,107,344,113,338,113,364,133,320,137,369,164,317,171,365,191,325,200,363,200,325,209,360,199,329,208,360,197,330,204,356,197,331,198,352,250,334,251,352,296,339,295,352,302,342,300,352,313,337,310
15,342,110,344,105,345,105,346,105,339,105,337,106,335,106,349,107,333,108,345,114,339,114,364,135,321,138,369,165,318,171,365,193,324,194,364,202,325,202,360,201,329,200,360,198,330,197,355,197,331,197,353,250,336,251,352,296,339,295,351,302,341,300,352,312,337,310
16,343,110,344,106,346,106,347,106,340,106,338,106,336,106,350,108,334,109,346,115,340,115,364,135,321,138,369,167,322,170,365,195,324,156,364,203,325,149,360,202,326,147,360,200,327,152,355,199,331,200,354,250,340,251,352,297,339,296,351,303,338,301,352,313,338,311
17,343,111,345,107,346,107,348,107,341,107,339,107,337,107,351,109,334,110,346,116,340,116,364,136,323,138,370,169,322,170,365,196,324,156,364,205,325,150,360,204,324,146,360,201,325,148,355,200,331,200,354,250,347,248,352,298,337,289,350,303,333,292,352,313,339,309
18,343,111,345,107,346,107,348,107,340,107,339,107,337,107,351,109,334,110,346,116,340,116,365,136,323,138,370,170,321,170,365,197,329,150,363,206,333,143,360,206,331,139,360,203,330,141,354,200,331,200,354,249,352,239,352,298,336,273,349,303,331,274,353,314,336,296
19,343,112,345,107,346,107,348,107,340,108,338,108,337,108,351,109,334,110,346,116,340,116,365,136,323,136,370,170,322,170,365,197,335,147,363,206,341,141,360,205,338,137,360,202,338,139,353,200,330,199,354,249,355,226,352,298,336,261,349,304,332,262,353,315,335,285
20,343,112,345,107,346,107,348,107,340,107,338,108,337,108,351,109,334,110,346,116,340,116,365,136,324,135,370,171,326,166,363,197,348,142,362,205,355,138,359,205,355,136,359,202,352,137,352,200,329,198,354,248,356,221,352,298,334,252,349,304,328,251,353,315,332,275
21,342,112,344,107,346,107,348,107,339,107,338,108,336,108,351,109,334,110,346,116,339,116,365,137,324,134,371,172,331,160,362,198,355,145,360,206,362,142,358,204,362,140,358,202,359,141,351,200,328,196,353,249,356,218,351,298,332,247,348,304,326,247,354,315,327,271
22,341,112,343,108,345,107,347,107,339,108,337,108,336,109,350,109,334,111,345,117,339,117,365,136,325,133,370,171,338,156,362,198,365,151,359,206,371,149,357,204,371,148,357,202,368,148,350,199,328,195,353,248,354,223,351,297,325,249,347,304,319,247,354,315,320,272
23,341,112,343,108,345,107,347,107,339,108,337,108,336,109,350,109,334,111,345,117,339,117,365,136,326,133,370,171,343,157,362,198,370,160,359,206,376,165,357,205,376,164,357,203,374,162,350,199,327,195,354,248,351,225,351,296,315,252,347,302,309,249,354,315,308,275
24,341,112,343,107,345,107,347,107,339,108,337,108,336,108,350,109,334,111,345,117,339,117,365,136,327,133,369,171,348,159,360,199,372,168,358,206,379,172,355,206,377,169,355,203,369,175,350,199,327,195,354,249,342,241,351,295,304,257,347,301,298,254,353,315,294,280
25,341,109,343,105,345,105,347,105,339,106,337,106,336,106,350,107,335,110,346,114,339,115,366,135,330,134,368,169,344,164,359,199,361,194,357,206,370,202,353,205,367,201,354,203,362,198,351,199,327,196,354,251,327,250,351,295,291,269,347,301,285,266,353,315,284,293
26,344,109,345,104,347,104,348,104,341,105,340,106,339,106,352,107,339,110,348,113,342,114,367,134,333,134,368,169,343,168,360,199,346,203,357,207,346,212,354,207,348,213,354,204,349,209,351,200,328,196,357,253,309,248,351,295,281,287,346,301,275,291,353,315,286,308
27,349,109,351,105,352,105,354,105,347,106,346,107,345,107,356,108,344,110,352,114,347,115,367,136,333,135,366,171,328,169,360,200,324,202,357,209,321,210,354,209,325,211,354,206,327,208,350,205,328,200,360,255,299,246,350,295,278,284,346,300,274,289,353,314,281,305
28,354,110,356,106,358,106,359,106,352,106,350,106,348,107,361,109,346,109,356,114,350,115,367,138,333,134,364,172,320,167,361,199,306,198,360,209,302,205,357,208,303,206,357,205,306,204,350,205,328,200,359,255,301,245,350,295,274,275,345,299,272,281,354,314,264,286
29,356,111,359,107,360,107,362,107,354,106,352,106,350,106,363,110,346,109,358,116,352,116,368,140,331,134,364,171,310,163,362,199,293,192,361,209,288,198,359,207,290,198,359,205,292,196,350,204,327,200,355,254,299,242,350,295,273,259,345,299,271,259,354,314,260,272
30,354,110,357,106,359,107,361,107,352,105,350,105,348,104,363,110,346,107,356,116,350,115,368,140,329,131,364,171,307,154,362,198,290,181,361,206,284,189,359,204,285,192,359,202,287,189,349,203,324,197,351,254,295,235,350,295,280,249,345,299,280,251,353,313,267,262
31,352,106,355,103,357,103,359,104,350,102,349,102,347,101,361,106,344,103,355,113,349,112,368,140,326,127,365,171,304,150,359,197,288,176,357,204,283,183,354,202,284,186,354,199,287,184,346,199,319,193,349,252,286,231,350,295,286,235,347,299,297,234,351,313,275,252
32,347,103,351,100,353,101,355,101,346,99,344,98,343,98,359,104,342,100,349,109,344,108,366,136,324,123,365,168,306,147,355,194,291,174,352,201,286,181,349,198,288,183,349,196,290,181,343,195,318,189,346,249,282,222,351,294,300,235,352,299,310,235,347,312,291,253
33,342,102,345,98,347,99,349,99,341,98,339,98,338,98,353,101,337,99,344,107,339,107,361,131,323,121,365,163,309,146,352,189,296,172,348,197,292,179,345,195,293,180,346,191,295,179,340,191,317,186,340,247,281,217,352,291,307,236,354,297,315,237,345,309,301,259
34,335,101,338,97,340,97,342,97,334,97,333,97,332,97,346,99,332,98,338,106,334,106,357,128,323,119,366,160,309,145,347,187,301,172,343,196,298,179,339,193,299,179,340,190,301,177,339,189,317,184,332,244,281,216,350,281,311,243,353,285,317,244,342,301,304,264
35,332,101,335,97,337,97,338,97,331,97,329,97,328,97,342,98,329,99,335,106,330,106,354,127,323,121,364,161,317,148,344,186,304,173,339,195,300,180,335,192,301,180,336,189,302,178,337,189,316,185,322,243,283,219,343,277,311,248,349,279,315,250,334,298,305,274
36,329,101,332,97,334,97,335,97,328,97,326,97,325,97,339,99,325,99,332,106,327,106,349,124,322,122,361,159,324,151,341,185,316,178,337,194,314,185,332,191,312,185,333,189,313,184,336,189,316,186,315,241,288,222,329,282,311,267,335,285,319,271,315,300,304,288
37,325,102,328,97,330,97,331,97,324,97,323,97,322,97,334,99,322,99,328,107,323,106,344,123,322,122,355,159,328,155,338,186,322,185,335,195,319,194,331,193,317,194,331,190,319,191,334,190,317,188,311,242,292,232,323,286,311,281,330,294,318,288,307,302,302,298
38,322,103,326,99,327,99,329,100,322,98,321,98,319,97,332,103,319,99,324,109,319,107,337,125,322,123,347,160,329,159,335,188,326,187,333,197,325,196,330,197,322,196,330,194,325,193,331,195,319,192,306,242,303,238,324,288,316,283,331,296,322,289,306,308,301,298
39,319,106,322,103,324,104,326,105,318,102,317,102,315,102,330,108,315,103,321,113,316,111,333,128,321,124,343,163,327,162,333,194,325,188,331,202,324,196,328,202,322,196,328,199,323,193,329,199,320,197,304,243,308,241,325,289,319,285,332,297,324,291,306,306,301,298
40,315,109,318,106,319,106,321,107,314,105,313,104,312,104,325,110,312,106,317,115,312,113,330,131,319,125,343,166,326,160,326,195,325,187,324,203,324,195,320,202,323,195,320,200,324,193,330,199,322,197,305,243,306,242,324,289,319,284,332,297,325,291,307,305,301,297
41,309,109,312,106,314,106,315,106,308,105,307,105,306,105,320,110,306,107,313,115,308,114,329,132,314,127,345,165,326,151,325,187,325,159,322,194,325,163,319,193,324,162,320,190,325,160,331,199,323,196,305,243,306,241,325,289,320,285,333,297,326,292,307,304,301,298
42,308,109,310,105,312,106,313,106,306,105,305,105,304,105,319,109,306,107,311,114,307,114,328,129,312,127,346,154,318,145,326,169,310,150,322,175,307,153,320,173,306,153,321,171,308,153,331,198,323,196,306,242,306,240,326,288,320,283,333,296,326,291,307,303,301,297
43,307,110,309,105,310,105,312,106,305,105,304,105,303,105,317,109,305,107,311,114,307,115,329,127,311,129,344,144,314,145,324,151,305,141,319,155,302,141,317,153,302,140,319,152,304,140,332,197,322,195,306,240,307,239,327,287,320,282,334,294,327,289,310,301,301,296
44,310,109,312,105,314,105,315,105,308,105,307,105,306,105,319,107,306,106,313,113,308,114,328,125,311,128,336,133,313,142,321,135,304,141,319,137,303,138,315,134,302,142,317,134,303,142,332,195,322,195,306,239,306,237,330,282,320,280,338,285,323,287,319,300,300,296
45,312,105,314,101,316,101,317,102,311,102,309,102,308,102,321,104,309,104,315,109,310,110,330,122,312,128,320,131,304,124,317,127,302,105,317,125,303,100,316,125,303,101,317,126,305,104,332,194,322,195,308,239,298,231,339,275,309,279,347,277,315,286,333,297,296,296
46,313,105,315,101,316,101,318,101,312,101,310,101,309,101,322,103,312,103,316,109,312,109,331,122,315,128,316,132,301,120,310,126,305,102,312,126,303,98,312,126,306,97,313,128,305,99,332,194,322,195,310,240,295,228,347,275,295,278,355,277,300,286,339,297,278,294
47,313,106,316,102,317,102,319,102,314,102,314,102,314,102,323,104,319,103,316,109,315,110,332,123,321,127,319,124,305,127,298,124,287,127,292,127,283,127,293,127,290,126,295,126,290,126,332,195,322,195,319,243,295,229,352,278,280,277,362,281,280,286,338,298,255,277
48,319,108,322,104,323,104,324,104,321,104,321,104,321,104,330,105,326,105,322,111,321,111,335,124,327,127,312,129,300,123,279,127,273,128,269,131,265,130,267,131,264,130,271,130,266,130,332,198,324,197,327,247,296,235,358,284,270,276,367,290,268,286,340,298,249,268
49,324,109,327,106,328,106,330,106,326,105,326,105,326,105,335,109,330,106,326,113,324,112,336,128,332,127,305,131,319,128,270,129,301,122,261,132,298,119,260,131,296,118,263,130,295,120,332,200,325,198,332,248,296,234,358,287,275,276,367,294,275,287,339,298,252,273
50,328,110,332,107,333,108,335,108,328,106,327,106,326,105,338,111,328,107,330,115,325,113,336,131,329,128,304,133,324,126,272,131,320,111,264,134,319,107,263,133,320,107,266,132,319,109,333,202,325,201,332,249,293,232,358,288,284,277,366,295,286,288,339,300,263,277
51,325,111,329,107,331,108,332,108,326,107,325,106,324,106,336,111,327,107,328,116,324,114,336,131,328,130,310,134,331,128,282,135,323,120,275,137,321,119,274,136,322,119,276,136,321,121,333,202,324,201,329,250,292,231,356,288,300,277,363,295,305,288,338,300,279,283
52,325,109,328,106,330,107,331,107,325,105,324,105,323,104,336,110,326,106,327,114,323,113,336,130,327,130,314,139,326,126,288,136,318,106,282,139,316,102,281,138,318,101,282,138,321,102,334,201,323,200,324,249,293,231,350,285,315,277,359,288,320,285,339,300,296,289
53,322,107,326,104,328,105,330,105,323,103,322,103,321,103,334,109,322,105,324,113,320,112,335,129,321,129,324,150,322,151,299,143,313,138,293,143,308,140,294,139,309,137,297,140,313,138,334,201,321,200,315,246,298,235,336,284,323,275,342,288,331,280,319,300,308,291
54,319,107,322,103,324,104,326,104,319,103,317,103,316,103,332,107,318,105,322,113,317,112,335,128,318,129,334,153,316,152,305,156,312,144,299,157,307,145,298,154,308,142,301,153,311,142,332,200,321,200,309,245,308,240,331,284,326,278,337,289,332,283,316,300,311,294
55,316,107,318,104,320,104,321,104,314,104,313,104,311,104,326,107,312,107,319,113,314,113,334,128,315,131,337,158,308,155,312,173,302,152,307,177,299,151,305,175,300,151,307,173,302,151,331,200,320,199,309,244,313,242,330,284,328,282,336,289,334,288,317,300,312,296
56,315,110,317,106,318,105,320,105,313,107,311,107,310,108,324,107,310,110,319,115,314,116,334,131,313,136,333,164,296,154,311,188,303,144,306,196,304,136,304,194,304,132,305,191,305,135,330,200,320,199,308,244,313,243,329,284,327,284,335,289,333,291,315,300,311,298
57,312,112,314,107,316,106,317,106,310,108,309,109,308,109,322,108,308,111,316,116,311,117,333,131,313,136,331,168,300,153,312,196,292,145,309,204,291,141,307,204,293,136,307,201,293,140,329,199,320,199,307,244,311,243,328,284,326,284,335,289,332,291,315,300,311,298
58,310,113,312,108,313,108,315,107,308,110,307,111,305,111,319,109,305,113,314,117,309,118,331,131,313,137,330,171,303,151,313,199,297,132,310,207,295,128,308,207,297,126,309,205,298,128,328,199,320,199,307,245,310,244,327,284,326,283,333,289,331,290,315,301,312,298
59,309,114,311,109,313,108,314,108,307,110,305,111,304,112,318,109,303,114,313,117,308,118,330,132,309,138,334,170,285,138,315,197,291,120,312,204,291,111,310,203,292,111,311,202,292,115,328,199,317,199,308,247,309,246,327,286,323,286,333,290,328,292,316,309,310,302
60,309,115,311,110,313,109,314,109,307,111,305,112,304,112,319,111,304,114,313,119,308,120,330,137,306,138,341,173,281,133,319,196,287,111,315,203,291,104,313,201,293,104,314,199,293,107,326,203,311,203,309,253,308,248,318,298,326,285,320,308,332,290,304,316,315,301
61,310,117,312,112,314,111,315,111,307,113,306,113,304,113,319,113,303,116,314,121,308,121,330,140,303,139,341,176,293,150,320,200,308,139,316,206,311,138,313,204,310,136,314,202,310,137,325,205,308,205,314,255,306,249,318,303,326,284,321,309,331,289,309,323,315,299
62,309,120,311,115,313,115,315,115,307,116,305,116,304,116,319,116,303,118,313,125,307,125,329,143,301,139,339,178,292,119,321,201,308,111,317,208,311,109,314,205,311,110,314,203,310,113,324,206,305,207,315,257,302,251,317,305,325,284,319,313,331,287,310,324,316,299
63,310,122,312,118,314,118,316,118,307,118,306,118,304,117,320,120,304,119,313,128,307,127,328,144,300,139,339,179,293,113,319,202,308,105,315,209,316,100,312,207,316,103,312,205,315,105,322,207,304,207,315,258,298,251,317,305,325,283,319,312,330,284,311,325,316,299
64,309,123,312,118,314,118,316,118,307,118,305,118,304,118,319,120,303,120,313,128,307,128,328,145,300,140,338,180,292,118,318,203,307,108,314,209,314,106,311,207,314,108,312,205,313,110,321,206,303,207,315,257,294,250,316,305,324,282,318,311,330,283,311,325,316,298
65,306,124,310,119,311,119,313,119,305,119,304,119,303,119,316,122,304,122,311,129,306,129,328,148,299,139,337,182,294,123,317,203,307,109,313,209,312,107,310,207,312,108,311,205,311,110,320,207,302,207,314,257,291,249,314,304,322,279,316,311,329,280,310,325,318,302
66,301,123,304,118,305,118,306,118,300,118,300,118,299,118,310,120,302,121,303,128,300,128,325,148,297,140,335,182,295,136,315,203,301,112,311,208,302,110,308,206,302,111,309,205,302,113,320,207,301,206,311,257,289,249,313,305,320,274,316,312,329,274,310,326,320,301
67,297,122,301,117,303,117,304,118,298,117,298,117,298,117,307,120,301,120,297,127,295,127,320,150,297,142,329,182,302,164,312,204,301,154,308,209,303,152,306,207,302,149,307,205,302,150,319,208,302,206,309,256,287,247,313,305,318,269,316,312,328,271,310,326,321,297
68,297,122,301,117,302,117,303,117,298,117,298,117,298,117,306,120,300,120,298,126,296,127,319,149,295,141,327,181,298,145,311,202,301,115,308,207,302,111,305,206,302,112,306,204,302,114,318,207,300,206,308,256,286,246,313,305,317,267,316,311,328,268,310,326,319,286
69,299,120,303,116,304,116,305,116,300,115,300,115,299,115,307,119,300,118,302,124,299,124,319,147,294,141,325,181,297,168,310,201,300,193,307,206,299,201,304,205,299,202,304,203,300,198,316,205,300,205,309,254,287,245,313,304,315,269,317,311,325,270,309,326,312,285
70,301,119,304,114,305,114,306,114,301,114,300,114,300,114,308,117,300,117,303,122,300,123,320,145,293,141,323,177,294,169,309,201,295,189,306,206,294,196,303,204,295,195,304,202,296,192,315,204,297,204,309,253,289,244,313,304,309,270,316,310,315,272,309,326,299,284
71,301,115,304,111,305,111,306,111,301,110,300,110,299,110,307,114,299,113,303,119,300,119,315,139,292,135,323,169,295,168,309,196,295,190,306,204,293,202,303,203,294,199,304,200,295,196,313,202,296,202,309,252,292,243,314,304,309,271,317,311,313,274,309,326,292,285
72,301,112,304,109,305,109,306,109,301,108,301,108,300,108,308,112,300,111,303,117,300,116,315,138,292,130,324,168,292,106,308,193,299,90,305,201,302,85,302,200,303,85,302,197,301,87,311,199,294,199,309,249,296,242,314,304,308,271,317,311,312,276,309,327,291,285
73,298,106,301,104,302,104,303,104,299,103,298,103,298,103,306,109,299,107,300,111,298,111,316,136,292,125,324,165,286,91,307,190,299,77,304,198,304,74,300,197,306,75,301,194,304,76,310,198,293,197,310,250,298,242,314,304,307,271,317,311,311,276,309,326,290,285
74,296,105,298,102,299,102,300,102,296,101,296,101,296,101,304,107,298,105,298,110,296,110,315,134,293,125,322,162,286,93,307,189,298,75,304,195,305,73,301,194,307,73,301,192,304,74,308,197,292,196,310,249,300,242,314,304,307,271,317,311,311,276,309,326,291,286
75,293,103,295,99,296,99,297,98,293,99,293,99,293,98,301,102,295,102,296,107,293,107,316,130,292,122,323,162,282,90,307,187,299,77,304,195,306,74,301,193,308,74,302,191,306,76,308,195,291,194,310,248,300,242,314,303,306,271,316,309,310,277,309,324,291,286
76,293,106,295,102,296,102,297,101,293,102,292,102,292,101,302,105,295,104,296,110,293,110,317,131,292,120,323,163,278,91,307,186,299,80,304,194,307,76,301,192,309,78,302,189,306,80,309,194,290,194,310,247,299,242,313,301,306,273,314,307,309,280,308,321,292,288
77,292,107,294,103,296,102,297,102,292,103,292,103,291,103,301,105,294,105,296,111,293,111,318,130,291,118,324,162,276,91,308,184,300,84,305,192,308,81,302,190,309,83,303,187,307,85,309,191,290,191,308,243,299,241,310,298,306,275,311,304,309,280,307,317,294,289
78,291,107,293,103,294,103,295,102,291,103,290,103,290,103,299,104,293,104,295,110,292,111,318,127,290,119,325,160,274,93,313,181,297,89,309,188,304,87,306,186,305,89,307,183,303,91,310,189,291,189,307,239,298,239,308,294,305,275,308,300,308,280,304,314,295,289
79,292,114,294,111,295,111,296,111,292,110,291,110,291,109,300,110,293,109,295,116,292,116,318,128,289,121,325,158,273,97,314,180,288,93,310,186,293,92,307,185,295,93,308,182,293,95,310,189,291,188,305,237,298,236,306,288,305,271,307,294,309,276,302,307,295,286
80,293,111,295,109,296,109,297,109,292,109,292,108,291,108,301,109,293,109,296,114,293,114,318,127,289,121,324,156,272,100,313,180,288,94,310,186,293,92,307,185,294,95,308,182,293,96,310,189,292,188,303,235,297,233,306,282,306,270,307,289,309,275,301,300,296,285
81,296,111,298,109,299,109,301,109,294,108,293,108,292,108,304,109,293,109,299,114,295,114,318,128,288,122,326,156,272,103,313,180,289,105,310,186,296,106,307,184,296,109,308,182,294,109,310,189,292,189,301,232,297,233,307,277,306,271,308,281,310,276,301,295,296,288
82,295,105,297,102,298,102,300,102,294,103,293,103,292,104,304,104,293,107,299,108,294,110,319,125,289,123,326,154,273,112,314,179,294,114,311,186,301,117,307,184,302,118,308,182,299,118,311,188,293,187,296,230,297,232,307,270,306,271,312,273,310,276,302,289,297,288
83,295,106,297,103,298,102,300,102,294,103,293,104,292,104,304,104,293,107,299,109,294,110,319,124,289,126,326,155,276,123,313,180,295,119,311,187,301,119,307,185,303,118,308,183,300,121,311,188,294,188,292,230,297,233,307,266,306,272,314,268,310,278,302,287,297,288
84,294,106,296,103,297,103,299,103,293,104,292,104,291,105,303,105,292,108,298,110,294,111,319,125,289,128,325,155,281,138,313,180,297,131,310,187,302,130,307,185,304,129,307,183,302,128,311,188,295,188,289,231,297,233,307,267,307,273,314,269,311,280,302,286,297,288
85,290,109,292,105,293,105,294,104,290,106,289,107,289,107,300,106,292,110,295,111,291,113,320,126,289,129,325,156,282,143,311,181,302,142,308,189,306,140,305,187,311,141,305,185,309,141,311,190,295,190,286,231,296,234,308,268,307,273,315,271,313,279,300,287,297,288
86,289,115,290,111,291,111,292,110,288,112,288,112,287,113,299,111,291,114,293,117,290,118,320,127,289,132,325,157,286,150,311,183,311,150,308,191,318,153,305,189,319,149,305,187,317,148,311,191,295,191,287,232,295,234,308,269,307,273,315,273,313,280,300,286,297,288
87,286,117,287,113,288,113,289,112,285,115,285,115,285,115,297,112,289,117,291,120,288,122,321,128,289,134,325,160,291,155,312,184,315,154,309,193,321,157,305,191,322,153,306,189,320,152,312,192,295,192,287,233,294,236,308,268,308,273,315,273,314,280,301,285,297,288
88,286,119,287,115,288,114,290,113,284,117,284,118,283,119,296,113,287,120,292,120,288,124,321,129,289,136,326,160,292,153,312,185,315,151,309,194,321,153,305,192,321,150,306,189,319,150,312,192,296,192,287,233,293,236,308,268,308,271,315,272,314,279,300,285,297,287
89,286,121,287,117,288,117,289,116,284,119,283,120,283,120,295,115,286,122,291,123,287,126,321,131,289,139,327,160,294,153,312,185,314,145,309,194,319,144,305,193,319,142,306,190,318,143,312,193,296,192,286,233,292,236,308,268,308,271,315,273,314,279,300,286,297,287
90,287,122,287,118,289,118,290,117,285,120,284,121,284,121,295,116,287,122,291,123,288,126,321,131,289,138,327,162,292,149,312,186,312,142,309,194,317,141,305,194,317,139,306,191,316,139,312,193,296,192,287,233,291,236,308,268,308,271,315,272,313,278,301,286,296,286
91,286,123,287,118,288,117,290,116,285,120,284,120,284,121,295,116,287,121,291,124,288,127,321,133,290,138,327,165,284,152,312,188,297,147,309,196,302,147,305,194,303,145,306,192,302,145,312,193,296,192,287,235,291,237,309,269,308,271,315,272,312,277,301,287,296,286
92,287,121,288,117,290,116,291,116,285,118,285,119,284,119,297,115,287,120,293,123,289,125,323,137,290,139,330,170,275,143,312,190,284,123,309,197,286,119,305,195,286,118,306,193,286,119,312,194,295,192,292,237,290,238,309,270,307,270,314,274,312,276,301,287,296,286
93,288,120,289,116,291,115,292,114,286,117,286,117,285,118,300,115,290,119,293,122,289,125,325,138,290,138,332,172,266,137,312,190,257,129,309,198,250,124,305,196,250,125,306,194,256,131,312,196,293,195,298,241,290,239,306,279,308,270,307,286,313,274,301,292,303,286
94,297,120,300,116,303,115,305,114,295,116,294,116,293,115,308,115,294,117,302,122,296,124,326,141,289,137,332,174,259,135,314,192,262,129,310,199,262,128,306,197,264,128,307,195,265,131,312,197,292,196,308,242,290,241,305,284,308,272,302,290,313,274,304,300,303,286
95,314,115,316,112,317,112,318,113,312,110,310,109,309,109,317,114,306,113,315,120,310,119,326,142,288,136,330,174,256,136,315,192,269,132,312,198,270,132,309,197,276,133,310,194,276,134,312,199,292,198,313,246,290,243,304,285,309,273,301,291,313,275,306,302,304,288
96,324,121,324,118,324,118,324,119,322,117,321,116,319,115,319,119,312,114,322,126,320,125,326,142,288,136,330,175,257,136,314,196,269,135,311,202,270,136,309,200,276,136,310,198,276,137,313,199,292,199,314,247,290,244,305,285,309,273,302,291,314,274,307,302,304,289
97,318,121,320,117,321,117,322,117,316,116,315,115,313,114,320,118,308,114,318,125,314,125,326,141,289,136,330,174,260,137,312,196,274,138,310,202,276,138,306,201,281,137,307,199,280,139,313,199,292,198,313,245,290,244,305,285,309,273,302,291,314,274,307,302,304,288
98,312,119,315,115,316,115,317,115,311,113,309,113,308,112,319,117,305,113,314,124,309,122,326,139,290,135,330,171,258,137,312,194,278,138,310,201,287,139,306,200,290,138,307,198,288,139,313,198,292,198,311,244,289,244,305,285,309,273,303,293,313,274,306,302,304,288
99,305,116,310,112,312,113,315,113,306,111,306,111,305,111,316,115,304,112,309,121,304,120,325,139,293,136,330,171,267,139,312,194,292,137,310,201,299,137,306,200,300,137,307,198,298,139,314,198,293,198,309,246,287,244,304,285,306,274,303,292,310,275,305,302,300,289
100,299,115,303,111,306,111,308,112,300,111,299,110,299,110,315,114,301,112,303,120,298,119,325,139,293,135,329,171,275,140,313,193,302,141,311,201,309,143,307,199,310,142,308,197,308,142,314,198,293,197,308,247,287,245,304,285,303,274,304,291,307,276,305,302,296,289
101,294,115,297,111,299,111,301,111,294,111,293,111,292,110,309,112,294,112,299,120,294,119,325,136,290,133,328,170,281,140,314,194,308,142,311,201,316,143,308,200,317,142,308,198,315,142,314,198,293,197,309,247,288,246,305,284,303,274,305,291,306,276,305,303,294,289
102,294,115,296,111,298,111,300,110,292,111,291,111,290,112,307,111,292,113,299,119,294,119,325,137,289,133,330,170,280,137,316,195,306,142,313,202,314,143,310,201,315,142,310,198,313,142,314,198,293,198,314,247,288,246,305,284,303,274,305,290,305,276,305,303,293,289
103,296,115,298,111,300,111,301,110,294,111,293,112,292,112,307,111,293,115,300,119,295,120,325,138,289,136,332,171,278,133,319,195,302,135,315,202,310,129,312,201,310,138,313,198,309,137,314,199,291,199,319,249,288,247,306,284,302,275,305,290,304,277,309,305,292,289
104,303,116,305,112,307,112,309,112,301,112,299,112,297,112,311,114,295,115,307,121,300,121,325,141,289,137,332,171,278,130,323,195,300,124,319,202,307,120,317,200,309,121,317,198,307,123,312,202,289,202,324,250,288,249,311,287,302,275,307,291,304,279,318,309,290,290
105,314,119,315,115,316,115,317,115,311,114,310,114,308,114,316,117,303,116,314,123,310,123,325,144,289,137,334,173,257,131,324,195,283,128,321,203,291,126,318,201,293,127,319,198,292,128,312,204,288,204,326,252,288,250,316,296,301,276,312,300,304,280,325,315,290,291
106,320,123,322,120,322,120,323,121,318,118,317,118,315,117,321,121,310,117,320,128,316,126,326,146,289,137,334,175,256,133,325,196,261,134,322,204,258,133,319,202,262,133,319,200,263,134,312,206,288,205,327,255,288,253,317,299,299,276,313,304,303,280,326,317,290,291
107,322,126,325,125,326,125,327,126,322,122,321,121,319,120,325,127,315,118,321,131,317,128,326,147,289,137,334,176,261,137,326,196,267,137,322,204,265,137,320,202,268,137,321,199,268,138,312,206,288,206,329,257,288,254,318,299,297,275,314,303,301,278,325,317,290,291
108,324,126,328,124,329,125,330,126,325,121,324,120,322,119,328,128,318,119,323,130,319,127,326,149,289,137,336,178,271,143,324,197,271,138,321,204,275,139,319,202,279,138,319,200,278,139,312,207,288,207,328,257,286,256,318,299,296,274,313,305,299,273,325,318,290,292
109,323,122,327,123,328,123,329,124,323,120,322,119,321,118,327,127,319,118,321,127,317,123,327,149,289,138,336,178,280,150,324,198,276,141,320,205,280,141,318,202,282,140,318,200,281,141,312,207,288,207,327,258,280,257,318,300,293,273,313,305,298,271,325,318,289,292
110,322,121,323,123,324,122,325,122,319,118,318,117,317,116,326,125,315,117,320,127,317,123,327,149,292,138,336,178,284,160,323,198,266,168,320,206,260,171,317,203,260,170,317,201,262,170,312,207,288,206,325,260,273,256,318,300,290,273,314,304,296,272,325,318,287,297
111,317,119,320,118,322,118,324,119,316,115,315,114,314,113,324,122,314,115,319,125,313,122,328,148,294,137,331,179,288,163,319,201,271,178,318,209,265,182,313,207,264,182,312,205,267,181,312,206,288,206,325,260,268,255,317,300,285,282,313,305,292,286,326,318,275,305
112,312,116,316,113,318,113,320,114,311,112,309,112,308,111,323,116,308,113,316,122,309,120,328,142,295,136,325,177,292,165,315,204,273,188,314,212,270,195,309,211,269,194,309,209,272,193,311,206,288,205,323,259,265,249,317,300,273,290,313,306,278,298,326,318,256,307
113,305,113,308,108,310,108,312,108,304,109,303,109,301,109,317,110,303,111,310,118,304,118,328,136,296,135,319,174,294,166,308,204,285,194,306,212,284,203,301,212,291,201,302,209,284,199,311,203,288,201,322,258,266,247,317,300,255,294,313,306,258,305,326,317,235,305
114,299,113,301,108,303,108,305,108,298,109,297,109,296,110,311,109,300,111,304,118,300,118,326,136,296,134,315,174,295,169,302,206,287,193,299,214,297,197,295,214,298,196,295,211,298,192,311,202,288,200,320,256,265,248,317,300,245,294,312,306,247,304,326,317,222,303
115,296,114,297,109,299,108,301,108,294,110,293,110,293,110,307,107,296,111,301,118,297,118,325,131,296,134,314,170,292,169,295,205,286,198,292,213,291,209,289,212,287,213,290,209,292,208,311,200,287,198,320,256,262,247,317,300,243,295,312,306,246,305,326,317,221,303
116,294,116,295,109,297,109,299,109,292,111,291,112,290,112,305,109,293,112,299,118,295,121,324,131,296,134,312,166,291,169,292,196,286,198,288,205,289,207,286,204,285,208,287,201,290,204,310,201,287,199,320,257,257,247,317,300,247,295,312,306,251,305,326,317,226,309
117,294,120,296,113,298,112,300,111,291,116,290,116,289,117,305,109,290,117,300,122,294,126,322,133,293,138,308,164,292,171,288,186,289,205,284,195,290,219,282,194,286,214,283,192,289,211,309,206,286,204,320,260,254,247,317,301,251,295,312,306,256,304,326,317,234,314
118,292,124,294,117,296,117,298,116,290,120,288,121,287,121,303,115,288,123,297,127,292,129,321,136,289,145,304,159,291,180,291,165,290,207,290,168,295,216,289,167,296,215,290,167,289,211,308,211,284,209,321,263,252,250,317,301,255,295,312,306,260,302,326,318,240,315
119,291,128,293,122,295,121,297,120,289,124,288,124,286,125,302,121,287,127,296,132,290,133,317,142,287,152,309,153,292,188,293,158,290,213,290,163,295,227,288,162,292,222,290,161,289,220,307,217,282,214,321,267,253,256,317,301,256,297,312,306,261,303,326,318,241,315
120,292,131,294,126,296,126,298,125,289,127,288,127,286,128,302,128,286,131,295,136,290,137,314,152,283,157,315,135,292,164,295,146,308,147,291,147,314,148,290,152,321,151,292,152,317,153,306,223,281,220,321,271,252,260,317,302,257,299,312,306,263,305,327,318,242,315
121,292,131,294,127,296,127,298,126,290,127,288,127,286,127,301,129,286,131,295,136,290,137,313,154,280,161,321,128,282,194,302,144,280,219,298,144,277,227,299,144,278,229,300,144,280,225,306,224,281,222,321,272,252,263,317,302,257,300,312,307,263,306,327,318,242,315
122,292,130,295,125,296,125,298,125,290,126,289,126,287,127,302,128,286,130,296,134,290,135,314,152,279,161,329,129,273,191,312,139,269,219,307,142,267,227,307,144,269,228,308,143,271,225,306,222,281,220,322,271,253,263,316,302,257,300,311,307,262,307,327,318,242,315
123,293,129,295,124,297,124,299,124,291,125,290,125,288,126,303,126,287,128,296,133,291,134,315,150,279,158,339,132,265,187,320,139,263,216,314,142,261,225,313,142,264,225,315,142,266,222,306,220,281,218,323,269,254,263,316,302,257,299,311,307,262,306,327,318,242,315
124,294,128,297,124,299,124,300,123,292,124,290,124,288,124,303,126,288,126,298,132,292,133,315,150,279,158,348,138,262,184,326,146,262,210,319,152,260,219,316,153,262,219,319,150,264,216,307,220,282,217,325,268,254,261,318,300,257,299,312,304,262,306,327,318,242,315
125,295,123,299,120,301,120,303,120,293,119,291,119,290,119,306,123,289,121,299,128,292,127,317,148,279,152,348,144,259,175,331,158,264,209,326,167,262,217,323,165,264,217,324,162,266,216,308,216,282,216,329,264,256,261,321,297,257,298,316,301,262,305,327,318,242,314
126,296,120,300,117,302,117,304,118,295,116,293,116,291,115,307,121,291,117,299,126,292,124,317,148,279,145,341,159,261,162,332,170,260,170,329,178,257,186,326,176,261,174,326,174,262,174,310,213,283,213,332,260,258,260,326,295,257,298,321,299,262,305,330,317,242,314
127,297,119,302,116,304,116,305,117,296,114,295,114,293,113,309,120,292,115,300,125,293,123,317,148,279,142,338,166,262,154,327,184,267,140,323,192,275,136,320,191,278,134,321,188,276,137,311,212,285,212,333,259,258,258,331,295,258,296,327,298,263,303,337,316,243,314
128,298,118,303,116,305,116,307,117,298,114,296,113,295,112,309,120,293,114,301,124,294,122,317,147,279,140,329,173,263,146,323,195,285,160,322,204,288,166,315,202,292,165,314,200,291,163,312,211,286,212,334,258,258,258,337,295,260,294,334,299,265,300,343,315,247,313
129,299,119,304,116,306,116,307,117,298,115,297,114,295,113,310,121,293,115,301,125,294,123,317,148,279,141,324,182,278,144,316,202,304,147,314,211,313,144,308,209,311,145,308,206,309,146,313,211,287,212,334,259,259,258,344,296,262,294,342,301,267,299,347,315,248,312
130,298,119,303,116,305,117,307,118,298,115,296,114,295,114,311,123,294,116,301,126,294,123,319,151,282,141,323,184,284,137,313,205,310,144,311,215,316,145,306,213,317,146,306,210,315,146,314,212,288,214,333,260,261,261,347,297,262,294,347,301,268,300,347,315,249,312
131,299,122,303,118,306,119,307,120,298,118,296,118,295,117,311,125,294,120,302,128,295,126,320,152,283,146,324,185,284,141,313,207,307,140,310,216,316,138,306,214,316,136,306,211,314,138,315,217,289,218,333,263,263,263,347,298,262,294,346,302,268,300,347,315,249,312
132,298,124,303,120,305,121,307,121,298,120,296,120,295,120,311,125,294,123,302,130,295,129,322,153,283,150,324,185,282,144,313,207,306,144,310,216,313,140,306,214,314,139,306,211,311,141,315,218,289,219,333,263,264,263,346,299,262,294,346,303,267,300,347,315,249,311
133,299,123,303,120,305,120,307,120,298,120,297,120,295,120,311,124,294,123,303,128,297,128,322,150,285,149,322,180,281,163,313,207,301,150,310,216,308,148,306,214,308,145,307,211,306,147,315,217,290,217,333,263,266,262,346,299,262,294,347,303,267,300,347,315,250,311
134,300,117,303,114,305,114,307,114,298,115,297,115,295,115,311,118,295,119,303,122,297,122,323,145,285,148,323,179,278,171,322,203,299,152,321,212,306,152,318,211,305,149,318,208,303,150,315,212,290,212,332,260,268,259,346,299,262,294,345,303,267,299,347,315,250,310
135,300,110,303,107,304,107,306,107,298,108,297,109,295,109,309,111,295,112,303,115,297,115,324,138,285,143,325,171,281,171,327,188,291,169,326,198,293,172,324,194,292,167,322,193,293,166,315,204,290,204,330,256,269,255,345,297,263,292,345,302,268,299,346,315,250,309
136,299,104,302,101,303,101,305,101,298,102,297,102,295,103,308,104,295,106,303,109,297,109,324,133,285,135,328,166,283,168,341,189,278,182,346,197,272,189,346,196,271,189,343,194,274,187,315,199,290,199,327,251,270,249,344,296,271,288,343,300,277,296,346,315,256,304
137,297,102,299,98,301,98,303,98,295,99,294,99,292,100,306,101,292,103,302,107,296,107,323,128,285,133,331,159,283,166,349,182,271,180,355,188,264,187,356,188,262,187,354,187,265,185,315,196,290,196,326,249,271,247,339,295,280,279,339,300,286,282,342,316,268,299
138,295,102,297,99,298,98,300,98,293,99,292,100,291,100,303,100,292,102,299,106,294,107,320,127,285,130,332,158,283,164,358,174,269,175,364,179,261,179,366,179,259,178,363,177,261,177,314,195,290,195,325,248,273,246,331,296,289,272,330,301,296,272,330,322,284,296
139,292,100,294,97,295,97,297,97,291,97,290,98,289,98,300,99,290,101,296,104,292,105,319,127,285,130,334,157,282,163,361,163,265,173,368,165,257,175,371,163,256,174,368,163,257,175,314,195,290,196,325,251,276,247,324,297,293,272,322,302,298,271,325,325,293,297
140,290,103,292,99,293,99,294,99,290,100,289,100,288,100,299,101,290,103,293,107,290,107,319,128,284,132,334,155,277,165,357,152,251,158,364,150,244,157,366,147,243,154,363,148,246,154,314,197,289,198,323,252,283,248,321,300,299,277,318,306,303,279,323,326,294,298
141,289,105,292,101,293,101,294,101,290,101,289,102,288,102,297,103,290,104,293,109,290,109,318,130,282,133,336,157,275,167,355,144,253,154,362,139,246,150,363,136,245,147,360,137,248,148,313,198,289,199,320,251,289,249,320,300,305,279,318,305,309,282,321,325,296,298
142,290,105,292,102,293,101,294,101,290,102,289,103,289,103,298,104,290,107,293,109,290,110,318,130,282,135,336,159,275,169,351,148,255,155,357,142,248,152,358,139,248,149,356,141,251,150,313,199,289,200,318,250,292,250,318,297,309,280,317,303,313,283,314,316,298,298
143,294,110,294,108,295,108,296,108,292,109,291,109,290,109,299,110,290,112,297,114,293,115,317,134,281,138,333,159,278,169,341,152,262,166,346,143,253,170,346,140,256,167,344,145,259,166,313,200,290,201,316,250,290,253,314,294,306,281,315,300,310,284,310,310,297,298
144,294,115,294,112,295,112,296,112,291,113,290,113,288,114,299,113,288,116,297,118,292,120,317,139,281,142,330,164,280,171,346,174,260,180,352,176,254,185,353,176,254,184,351,176,256,183,313,201,290,203,314,249,289,255,311,293,306,281,311,300,311,284,307,311,298,297
145,294,118,294,114,295,113,296,113,291,115,289,115,287,116,299,115,286,118,298,121,292,122,317,140,280,143,329,169,281,172,346,185,262,185,352,190,256,193,354,189,255,188,352,188,256,187,313,203,290,204,314,250,290,255,308,294,306,281,305,307,310,285,305,313,297,297
146,294,116,294,113,296,112,297,112,291,113,289,114,287,114,300,114,286,117,298,120,292,121,318,140,280,142,327,169,283,171,347,182,266,181,354,185,259,185,355,184,263,184,353,183,264,182,313,203,290,204,314,250,291,255,305,295,306,283,304,309,310,287,303,317,297,297
147,294,116,295,112,296,112,298,112,291,113,289,114,287,114,301,113,286,116,298,119,292,121,318,139,280,142,328,167,282,170,351,175,258,172,358,179,252,173,360,178,252,171,357,177,253,171,313,203,290,204,312,250,292,254,304,295,305,282,303,308,308,286,300,318,295,296
148,294,113,295,109,297,109,298,108,291,110,289,111,288,111,301,110,286,114,299,117,292,118,318,137,280,140,330,160,279,165,355,159,253,156,362,160,246,155,364,159,246,152,361,158,249,153,313,201,290,202,312,250,292,252,301,296,306,282,301,308,309,285,300,318,297,296
149,294,110,295,106,297,106,299,105,291,107,289,108,288,108,302,107,287,111,299,115,292,116,318,133,280,137,333,155,275,160,357,146,251,146,364,144,244,143,365,141,245,140,362,142,247,141,313,199,290,201,312,249,292,251,299,297,306,277,299,308,310,279,299,318,299,293
150,296,109,297,104,299,104,301,103,292,105,290,105,289,106,303,105,287,109,300,113,293,114,319,131,280,134,337,154,274,159,355,142,252,144,362,137,245,141,362,135,245,138,360,136,248,139,313,199,290,201,310,250,291,250,301,301,307,271,300,308,312,272,299,321,301,290
151,297,109,298,104,300,104,302,104,293,105,291,105,289,106,304,105,287,109,301,113,294,114,321,132,281,134,337,153,274,160,354,146,253,149,361,141,246,146,361,138,246,144,358,140,249,145,313,199,290,201,310,251,289,251,301,304,308,255,301,309,312,253,299,324,305,277
152,297,109,299,105,301,104,303,104,293,105,291,106,290,106,305,105,289,109,302,113,294,114,322,132,282,135,337,155,279,164,341,151,258,162,345,149,250,160,344,146,250,158,342,147,251,158,313,202,290,202,310,258,287,252,301,306,304,244,300,311,309,237,300,325,305,260
153,298,111,300,106,302,106,304,106,294,107,293,108,291,108,306,107,290,111,302,115,296,116,323,137,283,137,336,164,277,161,345,174,259,176,350,177,253,179,352,176,252,178,349,176,254,177,313,206,290,205,309,261,286,253,301,307,299,236,300,312,302,230,300,325,304,252
154,298,113,300,108,302,108,303,108,295,109,293,109,292,110,306,110,291,113,302,117,296,118,324,140,283,140,335,171,278,169,348,188,260,182,354,193,255,187,356,193,253,186,353,191,255,185,313,209,290,208,309,262,285,255,302,307,296,234,300,312,299,227,300,325,302,246
155,300,114,302,110,303,111,305,111,298,111,296,111,295,111,307,114,294,115,304,118,298,119,323,143,284,141,334,171,278,168,349,184,260,179,355,188,255,182,356,188,253,181,354,187,255,181,313,210,290,209,309,263,285,256,302,307,295,232,300,312,297,227,300,325,302,243
156,304,112,306,110,307,110,308,110,302,109,300,110,299,110,310,113,298,114,306,118,302,117,324,142,285,141,334,170,280,140,353,178,293,116,360,180,298,110,362,179,298,110,359,179,297,113,313,209,290,208,309,261,285,256,302,306,294,233,300,311,297,235,300,325,299,252
157,302,110,304,107,306,107,307,107,300,107,299,107,298,107,310,110,298,110,306,114,300,114,324,138,288,136,334,164,282,146,356,167,269,143,363,167,262,142,365,165,261,140,362,165,264,141,313,206,290,205,309,261,285,252,302,305,295,232,300,310,298,229,300,325,300,250
158,303,106,306,103,307,103,309,103,302,103,300,103,299,103,311,105,298,105,306,110,301,111,325,131,287,130,337,157,279,152,358,150,259,140,364,146,251,137,366,144,252,134,363,145,255,135,314,199,290,200,309,257,284,249,302,305,303,226,300,310,301,222,300,325,309,241
159,303,103,306,99,307,99,309,99,302,100,301,100,299,100,311,101,298,102,306,107,301,108,325,126,287,124,342,149,276,151,357,137,257,132,363,131,250,127,364,127,251,124,362,130,254,126,314,195,291,195,309,249,284,245,302,301,304,231,300,305,305,230,300,324,309,251
160,303,100,305,95,307,95,308,95,302,95,301,95,300,95,311,97,299,98,306,104,301,104,325,122,287,119,343,146,274,149,356,128,258,128,362,121,252,123,364,118,252,120,362,120,255,122,314,190,291,191,310,245,284,243,302,298,305,249,300,303,307,248,299,323,307,274
161,303,102,305,98,307,97,308,97,301,98,300,98,299,98,310,97,298,99,306,106,301,106,326,118,287,117,342,144,274,148,353,130,258,130,360,124,252,126,361,121,253,123,358,123,255,124,315,188,292,188,312,240,285,241,303,294,304,268,301,300,306,270,299,317,300,288
162,306,101,308,98,310,97,311,97,304,98,303,98,301,98,312,96,299,98,309,104,303,104,326,116,287,117,340,142,280,150,352,136,264,136,359,134,255,132,360,131,254,130,357,132,258,131,316,185,293,185,314,237,286,239,309,286,301,278,308,292,305,283,306,305,293,297
163,307,102,310,98,311,98,313,98,306,98,304,99,303,99,314,98,299,99,310,105,304,105,326,119,287,120,332,146,284,155,349,142,264,149,357,146,256,149,360,145,254,146,356,145,258,145,317,186,294,187,316,235,290,239,314,277,301,279,314,284,305,284,316,291,293,296
164,309,109,312,105,313,105,314,104,307,104,305,104,304,103,315,103,300,101,311,112,306,112,326,119,287,121,329,147,286,158,347,152,265,158,356,157,256,160,359,156,255,158,355,155,258,157,317,188,294,189,318,232,292,239,321,271,301,281,321,278,306,287,323,281,292,296
165,309,109,312,105,313,105,315,105,307,104,305,104,304,103,316,104,300,102,311,112,305,111,326,121,287,124,328,148,287,161,343,152,265,160,351,154,257,161,348,149,255,159,340,143,258,158,317,189,294,190,322,230,292,240,327,269,301,282,325,276,306,287,330,283,292,297
166,309,109,312,105,313,104,315,104,307,104,306,103,304,103,317,105,300,102,312,112,306,111,326,126,288,129,329,154,286,163,344,152,265,156,352,154,257,157,350,151,255,154,343,150,258,154,318,190,294,190,328,228,291,240,334,269,301,282,329,276,307,287,339,286,291,297
167,309,97,311,93,313,93,315,94,307,93,305,93,304,93,317,98,300,96,312,102,306,102,327,126,288,128,330,154,285,162,347,150,266,148,353,149,257,143,353,147,257,140,351,147,259,141,319,189,294,190,333,225,292,241,339,271,302,282,335,278,308,287,346,290,291,297
168,309,93,311,89,313,89,314,89,307,89,305,89,303,89,317,93,300,93,312,98,306,98,329,123,289,125,339,151,284,155,352,139,266,135,356,133,262,128,356,130,262,125,354,132,264,127,320,186,295,188,338,226,293,241,346,274,302,281,344,280,308,286,351,292,291,297
169,310,89,312,85,314,85,315,86,307,85,305,85,304,85,318,89,301,89,312,94,307,94,330,119,289,120,347,146,281,150,353,127,269,125,356,120,265,118,355,116,266,114,354,119,268,117,323,183,297,186,341,226,293,238,352,275,302,279,350,280,308,285,357,295,291,296
170,310,88,313,84,315,85,316,85,308,84,306,84,305,85,320,88,302,88,313,94,308,94,331,115,290,116,351,139,280,144,350,121,273,119,349,114,270,112,347,112,271,108,346,114,273,111,324,182,300,184,344,227,293,238,357,272,302,278,356,277,308,284,361,296,291,295
171,311,88,313,84,315,84,317,84,309,84,307,84,305,84,320,87,303,87,314,93,308,93,332,111,292,113,348,126,280,140,345,117,277,120,343,112,274,113,338,110,275,110,339,112,278,113,326,181,302,183,344,228,292,236,362,271,301,278,363,274,307,283,365,296,289,295
172,311,88,314,84,315,84,317,84,309,84,307,84,306,84,321,87,303,87,314,93,308,93,332,110,293,113,348,119,281,131,345,122,284,121,346,122,283,116,343,120,285,114,342,121,286,116,328,182,304,184,343,232,291,235,367,272,298,277,371,275,304,283,367,296,285,294
173,311,89,314,85,315,85,317,85,309,85,307,85,306,85,321,88,304,88,315,94,309,94,333,111,294,114,346,126,285,135,347,136,284,132,350,141,283,135,346,141,284,134,345,141,285,134,331,183,307,184,342,237,291,236,372,273,297,277,377,276,303,283,371,299,282,294
174,311,90,314,85,315,85,317,85,309,86,307,86,306,87,321,88,304,90,314,94,309,95,334,112,297,115,347,130,292,139,356,148,286,148,361,152,284,153,360,152,285,150,357,151,286,149,332,186,309,186,342,242,291,237,376,275,297,279,382,278,303,286,372,301,281,295
175,308,98,311,93,313,93,314,93,307,95,307,95,305,95,320,94,306,97,313,102,308,103,337,118,300,122,349,143,296,146,363,159,290,157,370,162,289,160,370,162,290,159,367,161,291,157,332,193,310,192,343,246,292,241,379,278,297,280,387,281,302,286,373,301,282,295
176,308,107,311,103,312,102,314,102,307,103,306,104,305,104,320,103,308,105,313,110,308,112,340,127,303,128,353,155,298,154,368,163,293,158,376,165,293,161,376,164,294,160,373,164,295,158,334,198,312,197,346,248,292,243,381,280,297,280,388,284,302,286,373,301,282,295
177,306,108,308,104,310,103,312,103,305,105,304,105,304,106,319,104,307,107,311,112,307,113,342,128,304,131,354,154,301,156,368,160,294,158,377,163,292,159,377,161,293,157,373,161,294,157,335,199,311,198,351,249,291,244,381,281,297,280,387,285,302,286,374,301,281,295
178,312,108,313,103,315,103,317,103,309,105,308,105,307,106,322,104,309,108,317,111,311,112,344,128,304,132,357,153,298,155,370,158,291,158,377,159,290,159,377,157,290,157,374,157,292,157,337,198,312,197,358,246,290,244,379,281,297,280,383,285,302,286,375,301,281,295
179,328,106,327,102,328,102,329,102,324,103,322,104,321,104,329,104,317,107,330,110,326,111,346,128,305,132,360,155,297,156,368,155,290,155,374,156,288,156,373,153,289,154,370,155,290,154,337,197,311,197,368,240,290,244,375,281,297,280,373,287,302,286,384,301,281,294
180,339,105,338,101,338,101,337,101,336,102,335,102,334,103,333,103,327,106,338,110,337,110,345,129,305,131,359,157,296,157,366,153,287,157,372,150,283,157,369,147,283,156,368,149,285,156,338,197,311,198,374,236,290,244,371,282,297,279,362,288,302,286,385,301,282,294
181,348,106,347,102,346,101,345,101,346,102,345,102,343,102,338,103,334,105,345,110,344,110,346,128,307,131,357,158,295,156,360,149,284,158,360,145,278,158,359,143,279,156,358,145,281,156,339,197,312,198,377,235,291,244,369,282,297,279,360,290,302,286,384,301,282,294
182,343,107,343,103,343,103,342,103,340,103,338,102,334,102,338,105,329,105,341,112,336,111,346,129,309,130,356,158,297,155,356,148,284,158,356,145,277,159,354,143,278,157,353,144,281,157,339,198,312,198,378,235,291,244,369,282,297,279,360,289,302,286,384,301,282,294
183,352,108,350,104,349,104,349,104,348,103,347,103,343,102,341,105,334,104,347,113,346,112,348,130,312,128,357,162,300,150,356,148,285,157,355,146,277,158,354,143,278,157,353,144,281,157,339,199,313,199,378,235,291,245,369,282,297,279,360,289,302,286,383,301,282,294
184,349,111,351,107,351,107,352,107,347,106,345,105,343,105,348,108,334,105,347,116,343,115,350,132,313,128,356,160,302,147,356,153,289,157,356,152,282,158,354,149,283,157,353,150,286,157,340,199,314,200,378,235,291,245,369,280,296,279,361,286,302,285,381,301,282,294
185,346,115,347,111,348,111,349,111,343,110,342,110,339,109,347,111,333,110,346,120,341,119,351,134,314,130,358,160,302,148,356,160,292,158,355,160,288,162,353,158,291,162,352,158,292,161,341,200,315,201,377,237,291,246,369,279,295,279,362,284,301,285,381,300,281,294
186,343,118,343,113,344,113,346,113,340,113,339,112,336,112,347,114,330,113,342,123,338,122,354,138,315,133,361,166,303,150,356,169,296,164,354,171,295,168,352,169,297,167,352,168,298,166,342,202,316,202,375,242,291,247,370,279,295,279,363,284,300,285,380,300,280,294
187,342,119,342,114,343,114,344,114,339,114,338,114,335,114,346,116,329,115,341,124,337,123,356,141,315,137,364,168,304,157,361,179,298,170,358,183,297,173,356,181,299,171,357,179,300,170,344,204,317,203,373,246,291,247,370,280,294,279,363,286,300,285,379,299,279,294
188,341,118,341,114,342,114,344,114,338,114,337,114,334,114,345,117,329,116,340,123,336,122,355,142,316,139,366,165,304,159,369,171,300,166,371,172,298,170,373,169,299,167,367,170,301,166,344,204,318,203,373,247,291,247,369,281,294,279,362,287,299,285,379,299,279,294
189,340,118,341,114,342,114,343,114,338,114,336,115,333,115,345,117,330,117,340,123,335,123,357,140,318,139,370,164,303,158,378,177,298,161,383,181,295,159,383,180,297,157,380,180,298,159,345,203,319,202,372,247,292,246,368,282,294,279,362,288,299,285,377,299,278,294
190,340,114,340,110,342,111,343,111,337,110,336,110,333,110,345,113,331,113,340,118,335,118,359,139,319,137,376,164,301,156,388,183,295,148,395,189,291,140,395,190,291,138,393,188,293,141,346,202,320,200,370,247,293,244,368,282,293,278,362,288,299,285,376,299,278,294
191,339,106,340,102,342,102,343,102,337,102,335,102,333,102,346,104,333,104,340,110,335,110,362,133,321,129,379,161,301,148,396,181,292,131,401,187,288,123,401,187,289,121,400,186,291,123,347,199,321,196,368,246,295,240,367,282,291,277,362,288,296,284,375,299,277,293
192,340,102,342,97,344,97,346,97,338,98,336,98,334,98,349,99,334,100,343,106,337,106,364,128,323,124,379,155,303,138,396,177,292,118,401,181,288,111,402,181,290,109,400,180,291,112,347,195,322,192,364,245,295,235,366,282,288,274,362,288,293,281,373,298,276,292
193,341,99,344,95,346,94,347,94,338,95,337,95,335,95,350,96,334,97,345,104,338,104,364,125,326,120,377,150,313,133,396,174,300,115,401,179,298,108,402,178,298,106,399,178,300,109,348,191,323,187,362,242,295,231,365,282,287,269,361,288,293,276,371,298,275,288
194,343,98,346,93,348,93,350,93,340,94,338,94,336,94,352,95,335,96,347,103,339,103,364,123,327,119,377,148,317,133,396,170,306,112,401,175,303,107,403,175,304,105,400,174,305,107,348,187,324,184,361,239,292,224,365,281,288,259,361,288,293,264,370,297,275,278
195,344,97,347,93,349,93,351,93,342,93,340,93,338,93,354,95,336,95,348,102,340,102,365,121,326,119,379,146,316,131,398,167,304,111,405,172,302,104,406,172,303,103,403,172,305,105,348,187,324,182,361,240,287,216,364,281,288,245,360,288,293,249,370,297,275,266
196,345,96,348,92,350,93,352,93,343,92,341,92,339,92,355,95,338,94,349,101,342,101,368,122,327,119,386,146,312,130,403,164,304,111,410,170,301,104,410,170,303,102,407,169,304,104,349,188,324,183,362,240,284,204,363,281,290,236,359,288,296,240,369,297,276,254
197,346,96,349,93,351,93,352,93,344,92,342,92,340,92,355,95,339,94,350,101,343,101,369,123,326,118,389,145,302,127,404,160,295,107,410,165,292,101,409,165,295,99,406,164,296,101,349,189,324,182,362,240,281,194,362,281,293,226,358,288,299,230,369,297,278,243
198,347,98,350,94,352,94,353,94,345,94,343,94,342,93,356,96,340,96,351,103,344,103,368,124,326,119,388,144,297,125,404,155,288,104,409,159,286,98,408,158,289,96,406,157,290,99,350,189,325,182,362,240,282,183,361,281,296,217,358,288,303,223,369,297,281,234
199,348,101,351,97,352,97,354,97,345,96,344,96,342,96,356,100,340,98,351,106,344,105,368,125,326,119,386,141,295,124,401,149,287,102,406,150,286,95,406,149,288,94,403,149,289,96,351,189,326,182,362,240,281,175,361,280,299,212,357,286,307,217,368,297,283,231
200,347,101,350,97,352,97,353,98,345,97,344,96,342,96,356,100,341,98,350,106,344,105,368,125,327,120,385,138,296,123,399,142,288,103,404,141,287,95,404,139,289,94,401,140,290,97,350,189,326,181,362,240,282,174,361,279,301,210,357,286,308,214,368,296,286,231
201,347,99,350,96,352,96,353,96,345,95,343,95,342,95,355,99,341,97,350,103,343,103,368,122,327,118,390,137,295,122,399,133,289,99,404,128,287,92,403,126,289,90,400,129,291,93,350,188,326,179,362,239,282,176,360,279,300,211,357,285,308,215,368,296,288,233
202,347,97,349,94,350,94,352,94,345,93,343,93,341,93,355,97,340,95,350,101,343,101,367,120,327,116,394,134,295,120,400,119,290,94,403,111,289,87,403,110,291,86,400,113,293,88,350,186,325,177,362,238,281,179,360,278,299,215,356,285,307,219,367,295,288,238
203,341,88,343,85,345,85,346,85,340,85,338,85,337,85,351,89,338,88,345,92,340,92,367,115,326,111,394,129,294,118,399,107,293,92,400,100,293,85,398,99,297,84,397,101,297,86,350,183,325,176,361,237,280,186,360,278,299,220,356,285,306,223,367,295,288,242
204,336,84,339,80,341,80,342,80,335,81,334,81,333,81,347,83,336,83,341,88,336,88,366,110,326,107,393,121,295,116,393,103,299,90,392,95,301,85,391,90,304,84,390,94,304,86,350,181,325,175,360,236,281,192,360,278,298,221,356,284,306,227,365,294,288,251
205,334,86,337,81,338,81,340,81,333,82,332,82,331,82,344,82,333,83,338,89,334,90,363,104,325,105,380,110,300,114,370,94,306,95,369,89,308,89,366,89,311,87,365,92,311,89,350,178,325,174,359,233,283,202,360,277,298,233,356,284,306,236,365,294,289,260
206,334,83,337,79,338,78,340,78,333,79,331,79,330,79,344,80,331,81,337,86,332,87,359,103,323,104,375,107,303,108,372,100,308,98,377,93,309,92,368,95,313,91,368,96,313,91,350,175,325,173,358,231,287,211,360,277,298,244,356,283,305,246,366,294,289,268
207,334,83,336,79,338,79,339,78,332,79,330,79,329,79,344,81,329,81,337,87,332,87,357,104,321,105,366,108,305,108,366,98,307,99,369,97,306,99,364,96,309,96,362,97,309,93,349,174,324,173,357,229,292,219,360,276,300,253,356,282,306,256,365,294,290,276
208,334,85,336,81,338,81,340,80,332,81,331,81,329,81,343,82,328,83,337,89,332,89,357,107,317,105,367,126,301,116,370,110,306,106,372,110,308,104,372,102,311,100,370,102,308,100,348,175,323,174,357,229,300,222,360,275,302,260,356,280,308,265,365,293,292,282
209,332,84,334,79,336,79,337,79,330,80,328,80,327,80,340,82,325,82,336,88,330,89,354,106,314,105,367,125,294,123,373,145,305,122,376,153,306,123,374,153,309,120,372,150,307,120,346,174,320,174,360,226,306,226,360,271,306,267,356,276,310,272,365,293,296,286
210,329,82,331,78,332,78,333,78,327,78,325,78,324,78,335,80,321,80,331,86,326,86,348,104,307,106,364,127,290,128,374,158,299,152,376,167,303,159,375,168,307,158,373,165,305,156,343,174,318,174,365,221,308,226,361,265,308,269,357,269,311,275,365,291,296,286
211,329,87,330,82,331,81,332,81,326,82,325,82,323,82,331,81,319,84,331,90,326,91,346,105,303,110,361,137,288,142,372,168,299,171,375,177,303,181,374,177,307,180,372,175,307,176,341,175,316,176,369,214,308,231,363,260,308,271,358,262,312,277,365,285,296,286
212,327,87,327,84,328,84,329,84,324,84,322,84,320,85,328,86,316,87,328,91,323,92,342,112,300,117,356,144,289,151,368,173,301,180,373,182,304,189,372,182,308,188,369,181,308,184,338,175,313,180,373,203,305,234,363,248,308,271,358,250,312,277,366,273,295,286
213,327,97,327,93,328,93,329,93,324,93,322,93,321,93,327,94,316,94,328,100,323,100,339,118,300,120,353,146,290,155,366,174,304,184,371,180,306,194,370,181,311,193,368,180,311,189,337,178,313,184,374,194,303,236,364,239,308,271,358,242,312,276,366,264,295,286
214,320,99,323,98,324,98,325,98,320,97,319,97,317,97,325,100,315,99,324,105,319,104,339,124,300,125,355,151,291,157,368,176,307,182,372,182,308,190,371,182,313,189,369,181,313,186,336,181,313,187,373,182,302,237,365,228,308,271,359,231,312,276,366,255,295,286
215,322,100,325,99,326,99,327,100,321,98,320,97,318,97,327,102,315,100,324,106,320,105,339,126,300,125,356,152,294,157,367,175,308,179,371,181,310,186,370,181,314,183,368,180,314,181,334,182,312,188,372,175,302,238,365,222,308,271,359,225,313,276,366,248,294,286
216,323,104,325,103,326,103,328,103,322,101,320,101,319,100,329,105,316,103,325,109,320,107,338,128,300,126,357,155,295,156,368,175,307,175,372,179,310,180,370,181,313,178,368,180,313,176,332,183,311,189,367,171,301,238,364,219,308,270,359,223,313,275,367,245,294,286
217,324,101,326,99,327,99,328,100,322,98,321,98,319,97,329,103,317,100,325,106,320,105,339,130,301,125,358,158,297,153,368,180,307,144,373,187,310,141,371,187,312,137,368,185,312,138,332,183,311,190,364,169,301,239,364,218,308,270,358,222,313,276,368,242,294,285
218,324,101,327,99,328,100,329,100,323,98,321,97,320,97,330,104,317,100,326,106,321,105,340,131,302,127,358,157,300,151,384,167,311,125,389,168,314,118,391,166,314,115,389,165,314,117,332,184,311,192,361,167,301,241,364,216,308,271,358,221,313,276,368,240,294,286
219,324,102,327,100,328,101,329,102,323,99,321,98,320,98,331,105,317,101,326,108,321,106,340,134,302,129,358,160,293,155,380,157,301,136,386,155,302,131,388,152,301,127,385,153,301,129,333,186,310,193,361,167,301,242,364,217,308,272,358,221,313,278,368,241,294,287
220,324,103,327,100,329,101,330,102,323,99,322,99,320,98,333,106,318,102,326,108,321,107,341,135,302,129,364,160,284,153,383,142,293,129,389,137,294,123,389,134,295,121,387,135,296,124,333,187,310,194,361,168,301,244,364,219,308,273,358,223,313,278,368,242,294,288
221,325,102,328,100,330,100,331,101,323,98,322,98,320,98,335,104,319,101,327,107,322,106,342,134,303,127,370,157,277,144,383,125,290,114,387,119,291,107,386,115,293,106,384,118,294,110,333,187,310,194,365,170,301,244,364,219,308,273,358,223,313,279,368,244,294,288
222,326,99,328,97,330,97,332,98,324,96,323,96,321,96,335,102,321,100,328,104,323,103,344,132,306,124,373,146,277,131,373,115,290,106,366,102,293,100,364,102,296,99,360,109,296,102,333,186,311,192,370,174,302,243,365,223,307,275,359,226,313,281,368,247,294,290
223,327,95,330,92,331,93,333,93,325,92,324,93,322,93,338,97,322,96,330,100,324,99,348,129,308,121,382,138,277,125,372,112,292,106,368,107,294,101,366,104,297,101,365,107,297,104,335,186,311,192,378,182,304,242,366,224,307,275,360,227,312,282,368,251,294,290
224,328,91,331,88,332,88,334,88,327,88,325,88,324,89,339,92,323,92,332,96,326,95,352,123,312,116,386,128,280,119,372,112,292,111,367,110,295,108,364,109,297,108,365,110,296,110,336,183,311,187,382,191,306,238,367,234,306,275,361,236,311,282,370,262,294,290
225,330,88,332,85,334,85,336,85,328,85,326,85,325,85,340,89,324,89,333,93,328,93,355,118,314,114,391,122,292,121,371,116,300,115,365,117,305,111,362,115,307,110,363,116,306,112,337,181,312,182,383,203,306,234,371,245,304,275,364,248,308,280,374,273,294,290
226,330,87,333,83,335,83,336,83,328,84,327,84,326,84,341,86,326,87,334,92,328,92,357,115,316,114,391,120,301,134,371,120,307,117,367,120,312,109,362,116,313,107,365,119,312,110,340,179,314,178,382,215,306,230,373,256,299,272,367,260,302,275,378,283,294,290
227,330,85,333,81,335,81,337,81,328,83,327,83,326,84,342,83,327,87,336,89,329,90,361,111,321,114,390,123,310,134,372,123,307,146,368,123,309,152,365,121,311,150,366,123,311,149,344,179,318,177,379,224,302,226,376,270,297,266,370,274,300,269,382,295,294,287
228,330,86,333,82,335,82,337,81,328,83,327,84,326,84,343,83,329,87,336,90,330,91,364,107,326,112,386,124,319,135,379,138,310,157,380,140,309,165,375,142,310,164,375,140,311,163,348,179,322,176,376,232,296,222,378,281,298,253,373,285,302,255,381,303,292,275
229,330,92,332,86,334,85,336,84,328,88,327,88,326,89,342,85,331,88,335,94,330,96,367,110,328,114,385,135,322,143,383,175,312,170,386,185,309,178,383,186,310,179,381,183,311,176,351,181,326,177,373,239,291,214,377,285,298,241,373,290,303,244,382,304,289,263
230,331,96,333,90,335,89,337,88,329,92,328,93,327,93,344,87,331,92,337,98,332,101,370,114,328,118,384,150,324,151,383,186,315,179,385,195,313,186,383,196,313,185,381,193,315,184,354,186,328,177,372,242,287,203,375,286,298,233,371,291,304,235,382,304,289,256
231,332,100,335,95,337,94,339,93,331,96,330,97,329,97,347,95,333,98,338,103,333,106,371,123,329,127,383,158,326,161,385,192,316,184,388,200,312,195,387,201,312,194,384,198,314,191,355,193,331,184,372,245,288,192,375,287,299,226,371,293,304,229,382,304,289,249
232,335,103,338,98,340,98,342,98,334,99,334,99,333,100,350,101,336,103,340,107,335,108,371,127,332,130,372,149,330,159,362,113,330,143,361,103,330,137,360,103,327,134,360,106,328,137,357,197,331,187,374,246,290,183,375,286,299,221,371,292,306,224,382,304,289,242
233,338,105,342,101,343,101,345,101,338,102,337,102,336,102,351,105,338,106,343,110,337,111,371,129,332,135,372,130,325,164,359,103,323,174,350,94,328,178,350,94,323,177,355,98,327,175,357,198,332,189,374,247,290,178,375,286,299,218,371,291,307,222,382,303,288,239
234,342,105,346,101,348,101,350,101,341,101,340,101,339,102,354,104,339,105,346,110,341,110,371,131,331,135,381,145,322,159,393,153,304,173,397,157,299,178,394,157,298,178,392,156,300,177,358,198,334,189,374,247,291,176,375,286,299,216,371,291,308,221,382,303,288,239
235,344,103,347,99,349,99,350,99,342,100,341,100,339,100,354,102,338,104,348,108,342,108,371,129,329,134,385,141,315,157,390,128,297,159,392,125,292,151,388,123,291,150,387,125,293,152,358,196,333,188,374,244,291,180,375,285,300,219,371,291,309,223,383,303,289,243
236,344,100,347,96,348,96,350,96,342,97,340,97,339,98,355,100,338,101,348,105,342,105,371,125,329,131,396,139,305,151,387,120,291,132,386,115,287,122,383,108,289,120,382,115,291,123,358,194,333,185,373,243,289,186,375,285,300,224,371,291,309,227,383,303,290,247
237,344,93,346,89,348,89,351,89,342,89,340,90,338,90,355,92,337,92,348,98,342,98,370,117,328,122,400,133,299,139,388,114,296,119,385,108,294,109,381,105,295,108,381,108,297,112,358,189,332,183,371,241,287,190,375,284,299,229,372,290,307,228,382,302,291,256
238,344,85,346,81,348,82,350,82,342,82,340,82,338,82,354,85,337,84,348,90,342,90,370,110,327,113,396,120,298,126,387,110,298,113,384,108,303,110,380,106,307,110,380,107,307,111,357,184,331,180,371,240,288,204,377,282,299,243,374,288,306,246,382,302,291,269
239,343,81,346,78,348,78,350,78,341,77,339,78,338,78,354,81,337,80,347,86,341,86,369,107,324,108,393,117,293,121,383,112,303,112,379,112,309,111,374,110,313,109,375,111,312,110,357,178,331,177,370,234,291,215,377,279,299,257,374,284,305,261,381,301,290,280
240,343,79,345,75,347,76,349,76,340,75,339,75,337,75,354,79,335,78,346,84,340,84,365,107,320,105,383,118,295,120,379,118,308,122,377,116,314,123,373,113,316,122,373,116,315,121,355,175,329,175,371,227,298,224,377,271,298,268,374,275,304,274,378,293,289,290
241,342,79,345,76,347,76,349,76,340,75,338,75,336,75,352,80,333,77,345,85,338,84,362,110,316,105,375,121,295,121,369,118,306,117,369,119,313,114,365,116,315,112,364,115,314,114,351,174,324,175,373,220,304,231,373,256,298,275,369,257,301,281,374,281,291,297
242,340,82,344,78,346,78,348,78,339,78,337,78,335,78,350,82,331,81,342,87,336,87,356,110,313,108,371,133,297,126,370,159,304,121,377,167,308,119,375,168,310,119,372,165,310,120,347,176,322,176,376,208,307,236,369,242,299,279,362,243,302,285,371,268,291,298
243,338,87,343,85,345,85,347,86,337,83,335,82,333,81,348,89,330,83,340,94,333,91,353,120,310,115,373,149,295,149,381,177,311,174,386,184,314,185,384,184,318,184,382,183,318,180,344,177,320,181,378,197,308,238,365,227,300,281,358,229,302,286,365,253,291,298
244,338,96,342,93,344,94,345,94,336,91,334,91,332,90,345,97,328,92,340,102,332,100,350,126,309,124,368,153,297,156,383,174,315,179,388,179,318,189,387,179,322,187,385,178,322,183,342,181,320,187,379,182,306,240,361,217,301,281,354,220,303,286,361,243,291,298
245,337,98,341,96,343,96,344,97,336,94,333,94,331,93,344,100,327,95,339,104,332,103,348,127,310,125,363,153,297,153,385,172,315,168,388,177,319,174,388,177,322,171,386,176,322,169,341,184,319,190,379,175,306,242,359,211,301,281,352,213,304,286,361,237,291,298
246,336,98,339,95,340,96,342,96,334,94,332,94,330,94,343,99,326,96,338,104,331,102,347,128,311,123,362,149,297,149,385,162,314,140,393,168,317,138,394,168,321,135,391,165,320,136,340,184,318,190,376,175,306,242,358,211,301,281,352,214,304,287,362,236,291,298
247,336,97,338,94,339,94,341,95,334,93,332,93,330,93,341,97,325,95,337,102,331,101,347,128,309,122,363,145,295,138,389,140,297,130,397,139,301,128,397,138,299,124,394,139,300,126,341,184,317,189,377,175,308,241,360,213,302,280,354,216,304,285,364,238,291,297
248,335,92,338,89,339,89,341,90,333,88,332,87,330,87,342,93,325,89,337,97,331,96,348,122,310,117,363,132,285,131,383,120,300,115,393,115,303,107,391,113,304,109,388,116,304,111,341,182,317,188,382,178,308,240,361,217,301,279,355,220,304,284,370,243,292,297
249,335,87,338,84,340,84,341,85,334,83,332,83,330,82,342,89,326,86,337,93,331,91,349,116,310,112,364,118,284,119,378,100,293,93,383,95,295,86,381,93,298,85,379,96,298,88,342,179,318,185,385,185,307,239,369,224,300,279,362,226,302,284,378,247,292,298
250,336,86,338,83,340,83,341,83,334,82,332,81,330,81,343,87,326,84,338,92,332,90,348,113,311,108,360,110,283,111,366,88,293,79,368,81,294,72,367,80,297,71,365,82,297,74,342,179,318,183,385,194,307,238,376,236,297,279,369,239,299,284,385,263,292,298
251,336,86,338,82,340,83,341,83,334,82,332,81,330,81,342,86,326,84,338,92,332,91,348,109,311,107,357,91,282,108,354,82,294,78,352,77,296,72,351,77,299,71,351,81,298,74,343,179,318,182,384,208,305,237,382,253,294,278,376,258,297,285,394,278,288,297
252,334,86,337,82,338,82,340,82,332,81,331,81,329,81,341,85,325,84,337,92,331,91,348,109,311,109,359,83,282,109,346,80,295,85,341,80,300,80,340,83,304,80,342,85,301,83,345,179,318,182,384,221,303,237,387,267,293,278,382,272,296,285,398,292,283,297
253,333,89,335,84,337,85,338,85,330,84,328,83,327,83,340,87,322,86,336,95,329,94,348,110,311,109,360,92,283,114,344,87,299,96,339,84,306,92,338,88,309,91,339,90,307,94,347,183,319,184,382,233,299,239,390,278,292,279,386,284,296,286,401,301,280,298
254,333,92,335,88,337,88,338,88,330,88,329,88,327,88,340,92,323,91,336,98,329,97,348,116,313,114,358,122,294,116,354,112,310,100,352,111,312,97,351,110,314,96,351,111,314,98,348,191,322,191,380,239,298,241,390,281,292,281,385,287,297,287,402,301,280,299
255,333,101,335,96,337,96,339,96,330,97,329,97,327,97,341,98,323,100,336,105,330,105,350,124,313,123,359,130,300,132,369,132,329,135,375,134,335,135,372,135,337,135,371,135,336,135,350,198,323,198,380,243,298,245,389,283,293,283,385,289,297,289,402,302,280,300
256,334,106,336,102,338,102,340,102,332,102,330,102,328,103,342,105,325,106,337,111,331,111,352,131,313,129,375,140,316,148,378,145,337,148,381,150,345,150,379,149,355,147,378,148,352,146,350,200,323,200,380,244,298,248,390,284,293,284,385,290,297,290,402,302,280,300
257,336,109,337,105,339,105,340,105,333,106,331,107,330,107,342,107,327,110,340,113,334,114,356,135,315,133,381,145,315,149,376,149,330,150,377,151,336,152,375,150,339,150,374,151,338,150,350,200,323,200,380,245,299,249,390,284,293,284,386,290,297,290,402,302,280,300
258,338,110,339,106,341,106,342,106,335,106,333,106,331,107,343,109,328,110,341,113,336,114,357,135,316,135,380,141,306,145,378,143,326,146,380,144,336,147,377,143,338,146,374,144,336,146,350,202,323,201,382,245,299,249,389,284,293,285,385,290,297,291,402,302,280,300
259,340,108,340,104,342,104,343,104,336,104,335,105,333,105,344,108,329,109,343,113,338,113,359,133,317,135,383,137,289,142,382,138,310,138,387,139,317,138,383,138,319,136,379,138,317,137,351,203,323,202,384,245,296,249,390,284,293,285,385,290,297,291,403,302,279,300
260,341,106,341,103,343,103,344,103,337,103,336,103,334,103,345,106,330,107,344,111,339,111,360,132,318,132,392,135,288,134,384,128,303,126,382,126,309,124,379,124,312,123,378,126,310,124,351,203,323,202,385,244,294,248,390,283,292,285,385,290,297,291,402,303,279,300
261,342,105,342,101,343,101,344,102,338,102,336,102,334,102,345,105,330,106,344,110,339,111,361,131,319,130,395,131,285,130,387,121,304,115,382,118,311,111,378,116,313,111,379,117,312,114,351,202,323,201,385,244,293,248,390,284,292,284,385,290,297,291,402,302,278,300
262,341,105,342,101,343,102,344,102,338,102,336,102,334,102,346,105,329,106,344,110,339,110,362,131,319,131,394,128,287,131,385,120,304,116,381,119,309,113,378,117,312,113,378,118,311,115,351,202,323,201,385,244,293,247,391,284,291,284,386,290,297,290,401,302,276,300
263,341,106,342,102,343,102,344,103,337,102,336,102,334,103,346,106,329,106,343,111,338,111,361,131,318,131,394,127,287,134,385,122,303,126,385,122,306,125,381,121,310,124,381,121,308,125,351,202,323,201,385,245,293,247,391,284,291,284,386,290,297,290,401,302,275,300
264,341,109,342,105,343,105,344,105,337,105,335,106,333,106,346,108,330,110,344,114,338,114,362,134,318,136,394,130,288,142,387,129,301,136,388,130,302,139,383,131,305,133,383,133,305,135,351,204,323,204,384,246,292,247,391,285,290,284,386,291,296,290,401,302,275,300
265,340,110,342,106,343,106,344,106,337,106,335,107,333,107,346,109,330,111,343,115,338,116,363,136,319,139,398,137,294,150,383,142,305,144,377,143,313,140,374,142,314,139,375,142,313,141,351,207,323,205,385,247,291,247,391,285,290,284,386,291,295,290,401,302,274,300
266,340,111,341,108,343,107,344,107,337,108,335,109,333,109,346,110,331,113,343,116,338,117,363,137,321,140,395,144,302,151,368,151,299,163,363,154,296,172,357,153,299,172,356,153,301,170,351,207,324,205,385,248,291,247,391,285,290,284,386,291,295,290,401,302,274,300
267,340,114,341,110,343,110,344,110,337,111,335,112,334,112,346,112,332,115,343,118,338,119,364,139,323,140,394,146,307,151,370,150,296,166,364,150,290,176,360,149,291,177,361,150,293,174,352,206,324,205,384,248,291,247,390,285,290,283,386,291,296,290,401,302,274,300
268,341,114,342,110,344,110,345,110,338,111,336,111,335,111,348,112,333,114,344,119,338,119,364,139,324,139,390,145,309,152,371,147,295,165,368,148,288,171,363,147,288,172,364,147,291,170,352,206,325,204,384,249,292,247,390,285,290,283,386,291,296,290,401,302,274,299
269,340,113,342,109,344,109,345,109,338,109,336,110,335,110,348,111,333,113,344,118,338,118,363,138,324,139,389,144,309,150,359,147,291,156,350,147,284,160,347,144,284,160,349,146,286,159,352,206,325,204,382,248,292,246,390,285,290,283,386,291,296,290,401,302,274,299
270,338,110,342,106,343,105,345,105,337,106,335,106,334,106,348,107,333,108,343,114,336,114,363,131,324,132,389,135,311,150,359,140,293,139,349,137,288,134,346,134,288,132,349,140,291,134,351,202,325,202,381,245,292,244,390,285,290,282,386,291,296,289,400,302,274,298
271,336,107,339,102,341,102,343,102,334,103,333,103,332,103,347,104,332,104,340,111,334,111,360,129,324,127,383,129,309,125,352,132,304,118,342,131,301,116,339,129,306,116,343,131,306,119,350,200,324,200,380,243,292,243,390,283,290,281,386,289,296,288,399,301,274,297
272,335,105,338,100,340,100,342,100,334,100,333,100,331,100,346,102,331,101,339,109,333,108,356,128,323,122,378,126,325,117,350,131,339,117,343,130,343,119,341,128,343,120,343,132,342,120,349,195,323,195,379,239,292,240,390,281,290,280,386,286,296,287,397,300,274,296
273,335,105,338,101,340,101,342,100,334,100,332,100,331,100,346,102,331,101,339,109,333,109,355,128,324,121,369,127,324,118,345,131,329,117,340,130,330,118,338,128,331,119,339,130,330,119,348,194,322,193,378,237,292,239,388,280,290,279,385,286,296,287,394,299,273,296
274,335,105,338,101,340,101,342,101,333,101,332,101,331,101,347,103,331,102,339,110,332,109,356,128,324,123,365,134,328,125,344,132,330,145,339,131,330,152,335,129,331,153,338,130,331,151,347,194,322,194,378,238,291,239,384,279,289,278,380,285,295,286,390,299,273,295
275,335,105,338,101,340,101,342,101,334,101,332,101,331,101,347,103,331,102,339,110,333,109,358,128,324,123,362,135,326,148,338,132,324,176,334,134,323,185,331,133,325,186,333,132,325,183,347,195,322,195,379,239,290,239,380,279,289,278,376,285,295,285,389,299,273,295
276,335,105,338,101,340,101,342,102,334,101,332,101,331,101,347,103,331,103,339,110,333,110,358,128,324,126,359,139,322,149,327,142,316,178,320,144,311,186,320,142,312,186,323,141,314,183,347,196,321,195,378,242,289,239,377,280,288,278,372,285,294,285,388,299,272,293
277,336,106,340,102,342,102,344,103,334,102,333,102,332,102,349,105,332,104,341,110,333,110,359,130,323,128,356,149,318,155,327,145,313,187,320,145,309,197,320,143,311,197,323,143,313,194,347,196,321,195,376,244,289,239,377,280,288,278,372,285,293,285,387,299,272,293
278,339,106,342,103,345,104,346,104,337,103,336,103,334,103,351,107,333,105,343,111,336,111,361,131,323,130,360,152,319,158,329,150,312,185,322,151,309,193,321,148,310,192,324,148,312,190,347,197,321,195,374,244,289,237,377,280,288,277,372,286,293,284,387,299,272,293
279,342,107,345,104,347,104,348,104,341,103,339,104,338,104,352,107,336,107,346,111,340,111,363,131,326,132,363,151,323,159,334,149,312,188,326,150,307,195,326,148,307,194,328,148,310,192,347,197,321,195,373,244,290,237,377,280,288,276,373,286,293,283,387,299,272,292
280,343,106,346,103,348,103,350,103,342,103,341,103,340,103,353,107,339,106,347,110,342,111,365,131,328,130,373,148,324,156,340,149,317,178,332,146,312,184,332,146,309,184,335,145,312,182,348,196,322,193,371,244,292,236,377,280,288,276,372,286,293,283,386,298,272,291
281,343,103,346,99,348,99,349,99,342,99,341,99,340,99,354,101,341,101,347,107,342,107,367,125,333,124,385,144,333,150,352,144,334,144,345,141,334,145,343,139,334,144,346,140,334,144,348,194,323,190,370,242,296,234,377,280,288,274,372,286,294,282,386,297,272,290
